facebookresearch_semi-supervised-ImageNet1K-models_master|PyTorch hub|semi_weakly_supervised_resnet50-16a12f1b.pth|from collections import OrderedDict,from torch import FloatStorage,from torch._utils import _rebuild_tensor_v2|UNPICKLER.persistent_load|semi_weakly_supervised_resnext101_32x4-3f87e46b.pth|from collections import OrderedDict,from torch import FloatStorage,from torch._utils import _rebuild_tensor_v2|UNPICKLER.persistent_load|semi_supervised_resnext101_32x4-dc43570a.pth|from collections import OrderedDict,from torch import FloatStorage,from torch._utils import _rebuild_tensor_v2|UNPICKLER.persistent_load|semi_supervised_resnet18-d92f0530.pth|from collections import OrderedDict,from torch import FloatStorage,from torch._utils import _rebuild_tensor_v2|UNPICKLER.persistent_load|semi_weakly_supervised_resnext101_32x8-b4712904.pth|from collections import OrderedDict,from torch import FloatStorage,from torch._utils import _rebuild_tensor_v2|UNPICKLER.persistent_load|semi_supervised_resnext50_32x4-ddb3e555.pth|from collections import OrderedDict,from torch import FloatStorage,from torch._utils import _rebuild_tensor_v2|UNPICKLER.persistent_load|semi_supervised_resnext101_32x16-15fffa57.pth|from collections import OrderedDict,from torch import FloatStorage,from torch._utils import _rebuild_tensor_v2|UNPICKLER.persistent_load|semi_supervised_resnext101_32x8-2cfe2f8b.pth|from collections import OrderedDict,from torch import FloatStorage,from torch._utils import _rebuild_tensor_v2|UNPICKLER.persistent_load|semi_weakly_supervised_resnext101_32x16-f3559a9c.pth|from collections import OrderedDict,from torch import FloatStorage,from torch._utils import _rebuild_tensor_v2|UNPICKLER.persistent_load|semi_weakly_supervised_resnet18-118f1556.pth|from collections import OrderedDict,from torch import FloatStorage,from torch._utils import _rebuild_tensor_v2|UNPICKLER.persistent_load|semi_supervised_resnet50-08389792.pth|from collections import OrderedDict,from torch import FloatStorage,from torch._utils import _rebuild_tensor_v2|UNPICKLER.persistent_load|
pytorch_vision_main|PyTorch hub|expected_flow.pt|from collections import OrderedDict,from torch import ByteStorage,from torch._utils import _rebuild_tensor_v2|UNPICKLER.persistent_load|gaussian_blur_opencv_results.pt|from _codecs import encode,from numpy.core.multiarray import scalar,from numpy import dtype||
facebookresearch_WSL-Images_main|PyTorch hub|ig_resnext101_32x32-e4b90b00.pth|from collections import OrderedDict,from torch import FloatStorage,from torch._utils import _rebuild_tensor_v2|UNPICKLER.persistent_load|ig_resnext101_32x8-c38310e5.pth|from collections import OrderedDict,from torch import FloatStorage,from torch._utils import _rebuild_tensor_v2|UNPICKLER.persistent_load|ig_resnext101_32x48-3e41cc8a.pth|from collections import OrderedDict,from torch import FloatStorage,from torch._utils import _rebuild_tensor_v2|UNPICKLER.persistent_load|ig_resnext101_32x16-c6f796b0.pth|from collections import OrderedDict,from torch import FloatStorage,from torch._utils import _rebuild_tensor_v2|UNPICKLER.persistent_load|
huawei-noah_Efficient-AI-Backbones_master|PyTorch hub|snnmlp_tiny_81.88.pt|from collections import OrderedDict,from yacs.config import CfgNode,from torch import FloatStorage,from torch._utils import _rebuild_tensor_v2|UNPICKLER.persistent_load|state_dict_73.98.pth|from collections import OrderedDict,from torch import LongStorage,from torch import FloatStorage,from torch._utils import _rebuild_tensor_v2|UNPICKLER.persistent_load|snnmlp_small_83.30.pt|from collections import OrderedDict,from yacs.config import CfgNode,from torch import FloatStorage,from torch._utils import _rebuild_tensor_v2|UNPICKLER.persistent_load|snnmlp_base_83.59.pt|from collections import OrderedDict,from yacs.config import CfgNode,from torch import FloatStorage,from torch._utils import _rebuild_tensor_v2|UNPICKLER.persistent_load|
datvuthanh_HybridNets_main|PyTorch hub|hybridnets.pth|from collections import OrderedDict,from torch import LongStorage,from torch import FloatStorage,from torch._utils import _rebuild_tensor_v2|UNPICKLER.persistent_load|
nicolalandro_ntsnet-cub200_master|PyTorch hub|nts_net_cub200.pt|from collections import OrderedDict,from torch import LongStorage,from torch import FloatStorage,from torch._utils import _rebuild_tensor_v2|UNPICKLER.persistent_load|
huawei-noah_ghostnet_master|PyTorch hub|snnmlp_tiny_81.88.pt|from collections import OrderedDict,from yacs.config import CfgNode,from torch import FloatStorage,from torch._utils import _rebuild_tensor_v2|UNPICKLER.persistent_load|state_dict_73.98.pth|from collections import OrderedDict,from torch import LongStorage,from torch import FloatStorage,from torch._utils import _rebuild_tensor_v2|UNPICKLER.persistent_load|snnmlp_small_83.30.pt|from collections import OrderedDict,from yacs.config import CfgNode,from torch import FloatStorage,from torch._utils import _rebuild_tensor_v2|UNPICKLER.persistent_load|snnmlp_base_83.59.pt|from collections import OrderedDict,from yacs.config import CfgNode,from torch import FloatStorage,from torch._utils import _rebuild_tensor_v2|UNPICKLER.persistent_load|
PingoLH_Pytorch-HarDNet_master|PyTorch hub|hardnet68ds.pth|from collections import OrderedDict,from torch import LongStorage,from torch import FloatStorage,from torch._utils import _rebuild_tensor_v2|UNPICKLER.persistent_load|hardnet39ds.pth|from collections import OrderedDict,from torch import LongStorage,from torch import FloatStorage,from torch._utils import _rebuild_tensor_v2|UNPICKLER.persistent_load|hardnet68.pth|from collections import OrderedDict,from torch import LongStorage,from torch import FloatStorage,from torch._utils import _rebuild_tensor_v2|UNPICKLER.persistent_load|
intel-isl_MiDaS_master|PyTorch hub|dpt_hybrid_384.pt|from collections import OrderedDict,from torch import FloatStorage,from torch._utils import _rebuild_tensor_v2|UNPICKLER.persistent_load|dpt_beit_large_384.pt|from collections import OrderedDict,from torch import LongStorage,from torch import FloatStorage,from torch._utils import _rebuild_tensor_v2|UNPICKLER.persistent_load|dpt_swin2_large_384.pt|from collections import OrderedDict,from torch import FloatStorage,from torch._utils import _rebuild_tensor_v2|UNPICKLER.persistent_load|dpt_beit_large_512.pt|from collections import OrderedDict,from torch import LongStorage,from torch import FloatStorage,from torch._utils import _rebuild_tensor_v2|UNPICKLER.persistent_load|dpt_levit_224.pt|from collections import OrderedDict,from torch import LongStorage,from torch import FloatStorage,from torch._utils import _rebuild_tensor_v2|UNPICKLER.persistent_load|dpt_swin2_tiny_256.pt|from collections import OrderedDict,from torch import FloatStorage,from torch._utils import _rebuild_tensor_v2|UNPICKLER.persistent_load|dpt_large_384.pt|from collections import OrderedDict,from torch import FloatStorage,from torch._utils import _rebuild_tensor_v2|UNPICKLER.persistent_load|midas_v21_small_256.pt|from collections import OrderedDict,from torch import LongStorage,from torch import FloatStorage,from torch._utils import _rebuild_tensor_v2|UNPICKLER.persistent_load|midas_v21_384.pt|from collections import OrderedDict,from torch import LongStorage,from torch import FloatStorage,from torch._utils import _rebuild_tensor_v2|UNPICKLER.persistent_load|dpt_swin_large_384.pt|from collections import OrderedDict,from torch import LongStorage,from torch import FloatStorage,from torch._utils import _rebuild_tensor_v2|UNPICKLER.persistent_load|dpt_beit_base_384.pt|from collections import OrderedDict,from torch import LongStorage,from torch import FloatStorage,from torch._utils import _rebuild_tensor_v2|UNPICKLER.persistent_load|dpt_swin2_base_384.pt|from collections import OrderedDict,from torch import FloatStorage,from torch._utils import _rebuild_tensor_v2|UNPICKLER.persistent_load|dpt_next_vit_large_384.pt|from collections import OrderedDict,from torch import LongStorage,from torch import FloatStorage,from torch._utils import _rebuild_tensor_v2|UNPICKLER.persistent_load|
hustvl_YOLOP_main|PyTorch hub|End-to-end.pth|from collections import OrderedDict,from torch import LongStorage,from torch import FloatStorage,from torch._utils import _rebuild_tensor_v2|UNPICKLER.persistent_load|
sigsep_open-unmix-pytorch_master|PyTorch hub|Al James - Schoolboy Facination.spectrogram.pt|from collections import OrderedDict,from torch import FloatStorage,from torch._utils import _rebuild_tensor_v2|UNPICKLER.persistent_load|
szq0214_MEAL-V2_master|PyTorch hub|MEALV2_EfficientNet_B0_224.pth|from collections import OrderedDict,from torch import LongStorage,from torch import FloatStorage,from torch._utils import _rebuild_tensor_v2|UNPICKLER.persistent_load|MEALV2_MobileNet_V3_Small_1.0_224.pth|from collections import OrderedDict,from torch import LongStorage,from torch import FloatStorage,from torch._utils import _rebuild_tensor_v2|UNPICKLER.persistent_load|MEALV2_ResNet50_224_cutmix.pth|from collections import OrderedDict,from torch import LongStorage,from torch import FloatStorage,from torch._utils import _rebuild_tensor_v2|UNPICKLER.persistent_load|MEALV2_ResNet50_380.pth|from collections import OrderedDict,from torch import LongStorage,from torch import FloatStorage,from torch._utils import _rebuild_tensor_v2|UNPICKLER.persistent_load|MEALV2_ResNet50_224.pth|from collections import OrderedDict,from torch import LongStorage,from torch import FloatStorage,from torch._utils import _rebuild_tensor_v2|UNPICKLER.persistent_load|MEALV1_ResNet50_224.pth|from collections import OrderedDict,from torch import FloatStorage,from torch._utils import _rebuild_tensor_v2|UNPICKLER.persistent_load|
NVIDIA_DeepLearningExamples_master|PyTorch hub|mel.pt|from collections import OrderedDict,from torch import FloatStorage,from torch._utils import _rebuild_tensor_v2|UNPICKLER.persistent_load|
facebookresearch_pytorch_GAN_zoo_main|PyTorch hub|celebaHQ_s6_i80000-6196db68.pth|from collections import OrderedDict,from models.utils.config import BaseConfig,from torch import FloatStorage,from torch._utils import _rebuild_tensor_v2|UNPICKLER.persistent_load|FFHQ_styleGAN-7cbdec00.pth|from collections import OrderedDict,from models.utils.config import BaseConfig,from torch import FloatStorage,from torch._utils import _rebuild_tensor_v2|UNPICKLER.persistent_load|DCGAN_fashionGen-1d67302.pth|from torch._utils import _rebuild_tensor_v2,from torch import FloatStorage,from collections import OrderedDict,from torch import LongStorage,from models.utils.config import BaseConfig|UNPICKLER.persistent_load|celebaHQ16_december_s7_i96000-9c72988c.pth|from collections import OrderedDict,from models.utils.config import BaseConfig,from torch import FloatStorage,from torch._utils import _rebuild_tensor_v2|UNPICKLER.persistent_load|celebaCropped_s5_i83000-2b0acc76.pth|from collections import OrderedDict,from models.utils.config import BaseConfig,from torch import FloatStorage,from torch._utils import _rebuild_tensor_v2|UNPICKLER.persistent_load|
mateuszbuda_brain-segmentation-pytorch_master|PyTorch hub|unet-e012d006.pt|from collections import OrderedDict,from torch import LongStorage,from torch import FloatStorage,from torch._utils import _rebuild_tensor_v2|UNPICKLER.persistent_load|unet.pt|from collections import OrderedDict,from torch import LongStorage,from torch import FloatStorage,from torch._utils import _rebuild_tensor_v2|UNPICKLER.persistent_load|
mit-han-lab_ProxylessNAS_master|PyTorch hub|yolox.torchscript.pt|from __torch__.yolox.models.tinynas.nn.networks.proxyless_nets import ProxylessNASNets,from __torch__.torch.nn.modules.batchnorm.___torch_mangle_101 import BatchNorm2d,from __torch__.torch.nn.modules.conv.___torch_mangle_309 import Conv2d,from __torch__.yolox.models.network_blocks.___torch_mangle_492 import BaseConv,from __torch__.yolox.models.network_blocks.___torch_mangle_469 import DWConv,from __torch__.torch.nn.modules.container.___torch_mangle_108 import Sequential,from __torch__.torch.nn.modules.conv.___torch_mangle_0 import Conv2d,from __torch__.torch.nn.modules.batchnorm.___torch_mangle_87 import BatchNorm2d,from __torch__.torch.nn.modules.activation.___torch_mangle_176 import ReLU6,from __torch__.torch.nn.modules.conv.___torch_mangle_391 import Conv2d,from __torch__.torch.nn.modules.conv.___torch_mangle_210 import Conv2d,from __torch__.torch.nn.modules.batchnorm.___torch_mangle_466 import BatchNorm2d,from __torch__.torch.nn.modules.activation.___torch_mangle_377 import SiLU,from __torch__.yolox.models.network_blocks.___torch_mangle_425 import BaseConv,from __torch__.yolox.models.tinynas.nn.networks.proxyless_nets.___torch_mangle_173 import MobileInvertedResidualBlock,from collections import OrderedDict,from __torch__.torch.nn.modules.conv.___torch_mangle_346 import Conv2d,from __torch__.torch.nn.modules.conv.___torch_mangle_313 import Conv2d,from __torch__.torch.nn.modules.batchnorm.___torch_mangle_432 import BatchNorm2d,from __torch__.torch.nn.modules.batchnorm.___torch_mangle_302 import BatchNorm2d,from __torch__.torch.nn.modules.activation.___torch_mangle_533 import SiLU,from __torch__.yolox.models.tinynas.nn.modules.layers.___torch_mangle_35 import IdentityLayer,from __torch__.torch.nn.modules.container.___torch_mangle_13 import Sequential,from __torch__.torch.nn.modules.conv.___torch_mangle_480 import Conv2d,from __torch__.torch.nn.modules.activation.___torch_mangle_190 import ReLU6,from __torch__.torch.nn.modules.conv.___torch_mangle_251 import Conv2d,from __torch__.torch.nn.modules.batchnorm.___torch_mangle_28 import BatchNorm2d,from __torch__.torch.nn.modules.container.___torch_mangle_253 import Sequential,from __torch__.torch.nn.modules.container.___torch_mangle_71 import Sequential,from __torch__.torch.nn.modules.activation.___torch_mangle_208 import ReLU6,from __torch__.yolox.models.network_blocks.___torch_mangle_444 import BaseConv,from __torch__.torch.nn.modules.conv.___torch_mangle_527 import Conv2d,from __torch__.torch.nn.modules.batchnorm.___torch_mangle_343 import BatchNorm2d,from __torch__.torch.nn.modules.activation.___torch_mangle_319 import SiLU,from __torch__.torch.nn.modules.activation.___torch_mangle_25 import ReLU6,from __torch__.torch.nn.modules.conv.___torch_mangle_243 import Conv2d,from __torch__.torch.nn.modules.container.___torch_mangle_177 import Sequential,from __torch__.yolox.models.tinynas.nn.modules.layers.___torch_mangle_240 import MBInvertedConvLayer,from __torch__.torch.nn.modules.activation.___torch_mangle_315 import SiLU,from __torch__.torch.nn.modules.conv.___torch_mangle_37 import Conv2d,from __torch__.torch.nn.modules.container.___torch_mangle_53 import Sequential,from __torch__.torch.nn.modules.conv.___torch_mangle_499 import Conv2d,from __torch__.torch.nn.modules.conv.___torch_mangle_45 import Conv2d,from __torch__.torch.nn.modules.batchnorm.___torch_mangle_513 import BatchNorm2d,from __torch__.yolox.models.network_blocks import BaseConv,from __torch__.torch.nn.modules.conv.___torch_mangle_284 import Conv2d,from __torch__.torch.nn.modules.container.___torch_mangle_232 import Sequential,from __torch__.torch.nn.modules.conv.___torch_mangle_525 import Conv2d,from __torch__.torch.nn.modules.conv.___torch_mangle_370 import Conv2d,from __torch__.torch.nn.modules.conv.___torch_mangle_520 import Conv2d,from __torch__.torch.nn.modules.conv.___torch_mangle_178 import Conv2d,from __torch__.torch.nn.modules.activation.___torch_mangle_307 import SiLU,from __torch__.torch.nn.modules.conv.___torch_mangle_412 import Conv2d,from __torch__.torch.nn.modules.container.___torch_mangle_99 import Sequential,from __torch__.torch.nn.modules.conv.___torch_mangle_86 import Conv2d,from __torch__.torch.nn.modules.activation.___torch_mangle_139 import ReLU6,from torch import FloatStorage,from __torch__.torch.nn.modules.conv.___torch_mangle_23 import Conv2d,from __torch__.torch.nn.modules.activation.___torch_mangle_467 import SiLU,from __torch__.torch.nn.modules.container.___torch_mangle_44 import Sequential,from __torch__.torch.nn.modules.activation.___torch_mangle_70 import ReLU6,from __torch__.torch.nn.modules.batchnorm.___torch_mangle_179 import BatchNorm2d,from __torch__.torch.nn.modules.container.___torch_mangle_181 import Sequential,from __torch__.torch.nn.modules.batchnorm.___torch_mangle_230 import BatchNorm2d,from __torch__.torch.nn.modules.conv.___torch_mangle_105 import Conv2d,from __torch__.torch.nn.modules.conv.___torch_mangle_416 import Conv2d,from __torch__.torch.nn.modules.conv.___torch_mangle_292 import Conv2d,from __torch__.yolox.models.network_blocks.___torch_mangle_398 import BaseConv,from __torch__.torch.nn.modules.conv.___torch_mangle_68 import Conv2d,from __torch__.torch.nn.modules.conv.___torch_mangle_301 import Conv2d,from __torch__.torch.nn.modules.container.___torch_mangle_122 import Sequential,from __torch__.torch.nn.modules.activation.___torch_mangle_486 import SiLU,from __torch__.torch.nn.modules.activation.___torch_mangle_491 import SiLU,from __torch__.torch.nn.modules.container.___torch_mangle_239 import Sequential,from __torch__.torch.nn.modules.container.___torch_mangle_209 import Sequential,from __torch__.torch.nn.modules.activation.___torch_mangle_495 import SiLU,from __torch__.torch.nn.modules.batchnorm.___torch_mangle_504 import BatchNorm2d,from __torch__.torch.nn.modules.conv.___torch_mangle_113 import Conv2d,from __torch__.torch.nn.modules.activation.___torch_mangle_452 import SiLU,from __torch__.torch.nn.modules.conv.___torch_mangle_27 import Conv2d,from __torch__.torch.nn.modules.batchnorm.___torch_mangle_462 import BatchNorm2d,from __torch__.torch.nn.modules.activation.___torch_mangle_447 import SiLU,from __torch__.torch.nn.modules.conv.___torch_mangle_484 import Conv2d,from __torch__.torch.nn.modules.conv.___torch_mangle_137 import Conv2d,from __torch__.torch.nn.modules.activation.___torch_mangle_121 import ReLU6,from __torch__.torch.nn.modules.container.___torch_mangle_67 import Sequential,from __torch__.yolox.models.network_blocks.___torch_mangle_326 import Bottleneck,from __torch__.torch.nn.modules.batchnorm.___torch_mangle_20 import BatchNorm2d,from __torch__.torch.nn.modules.conv.___torch_mangle_450 import Conv2d,from __torch__.torch.nn.modules.activation.___torch_mangle_259 import ReLU6,from __torch__.torch.nn.modules.batchnorm.___torch_mangle_277 import BatchNorm2d,from __torch__.yolox.models.network_blocks.___torch_mangle_308 import BaseConv,from __torch__.torch.nn.modules.activation.___torch_mangle_424 import SiLU,from __torch__.torch.nn.modules.batchnorm.___torch_mangle_4 import BatchNorm2d,from __torch__.torch.nn.modules.conv.___torch_mangle_531 import Conv2d,from __torch__.yolox.models.network_blocks import CSPLayer,from __torch__.yolox.models.network_blocks.___torch_mangle_378 import BaseConv,from __torch__.torch.nn.modules.batchnorm.___torch_mangle_193 import BatchNorm2d,from __torch__.torch.nn.modules.conv.___torch_mangle_321 import Conv2d,from __torch__.torch.nn.modules.activation.___torch_mangle_537 import SiLU,from __torch__.torch.nn.modules.activation.___torch_mangle_428 import SiLU,from __torch__.yolox.models.network_blocks.___torch_mangle_325 import DWConv,from __torch__.torch.nn.modules.batchnorm.___torch_mangle_380 import BatchNorm2d,from __torch__.yolox.models.network_blocks import DWConv,from __torch__.torch.nn.modules.batchnorm.___torch_mangle_258 import BatchNorm2d,from __torch__.yolox.models.tinynas.nn.networks.proxyless_nets.___torch_mangle_118 import MobileInvertedResidualBlock,from __torch__.torch.nn.modules.batchnorm.___torch_mangle_93 import BatchNorm2d,from __torch__.torch.nn.modules.container.___torch_mangle_26 import Sequential,from __torch__.torch.nn.modules.container.___torch_mangle_440 import Sequential,from __torch__.torch.nn.modules.conv.___torch_mangle_100 import Conv2d,from __torch__.torch.nn.modules.conv.___torch_mangle_196 import Conv2d,from __torch__.yolox.models.network_blocks.___torch_mangle_369 import BaseConv,from __torch__.yolox.models.network_blocks.___torch_mangle_357 import BaseConv,from __torch__.yolox.models.tinynas.nn.modules.layers.___torch_mangle_241 import IdentityLayer,from __torch__.torch.nn.modules.activation.___torch_mangle_443 import SiLU,from __torch__.torch.nn.modules.batchnorm.___torch_mangle_494 import BatchNorm2d,from __torch__.torch.nn.modules.batchnorm.___torch_mangle_97 import BatchNorm2d,from __torch__.yolox.models.network_blocks.___torch_mangle_406 import BaseConv,from __torch__.torch.nn.modules.activation.___torch_mangle_414 import SiLU,from __torch__.torch.nn.modules.batchnorm.___torch_mangle_55 import BatchNorm2d,from __torch__.torch.nn.modules.container.___torch_mangle_517 import Sequential,from __torch__.torch.nn.modules.batchnorm.___torch_mangle_536 import BatchNorm2d,from __torch__.torch.nn.modules.batchnorm.___torch_mangle_114 import BatchNorm2d,from __torch__.torch.nn.modules.loss import BCEWithLogitsLoss,from __torch__.yolox.models.tinynas.nn.modules.layers.___torch_mangle_62 import IdentityLayer,from __torch__.yolox.models.network_blocks.___torch_mangle_291 import BaseConv,from __torch__.yolox.models.network_blocks.___torch_mangle_483 import BaseConv,from __torch__.torch.nn.modules.conv.___torch_mangle_50 import Conv2d,from __torch__.torch.nn.modules.conv.___torch_mangle_493 import Conv2d,from __torch__.torch.nn.modules.container.___torch_mangle_225 import Sequential,from __torch__.torch.nn.modules.container.___torch_mangle_150 import Sequential,from __torch__.yolox.models.network_blocks.___torch_mangle_457 import BaseConv,from __torch__.torch.nn.modules.activation.___torch_mangle_356 import SiLU,from __torch__.yolox.models.yolo_pafpn import YOLOPAFPN,from __torch__.yolox.models.tinynas.nn.networks.proxyless_nets.___torch_mangle_104 import MobileInvertedResidualBlock,from __torch__.torch.nn.modules.activation.___torch_mangle_331 import SiLU,from __torch__.torch.nn.modules.batchnorm.___torch_mangle_404 import BatchNorm2d,from __torch__.torch.nn.modules.activation.___torch_mangle_437 import SiLU,from __torch__.torch.nn.modules.conv.___torch_mangle_219 import Conv2d,from __torch__.yolox.models.network_blocks.___torch_mangle_337 import DWConv,from __torch__.torch.nn.modules.batchnorm.___torch_mangle_142 import BatchNorm2d,from __torch__.torch.nn.modules.container.___torch_mangle_236 import Sequential,from __torch__.torch.nn.modules.container.___torch_mangle_74 import Sequential,from __torch__.yolox.models.network_blocks.___torch_mangle_316 import BaseConv,from __torch__.torch.nn.modules.conv.___torch_mangle_474 import Conv2d,from __torch__.yolox.models.tinynas.nn.modules.layers.___torch_mangle_145 import IdentityLayer,from __torch__.torch.nn.modules.container.___torch_mangle_364 import Sequential,from __torch__.torch.nn.modules.batchnorm.___torch_mangle_266 import BatchNorm2d,from __torch__.yolox.models.network_blocks.___torch_mangle_516 import DWConv,from __torch__.torch.nn.modules.upsampling import Upsample,from __torch__.torch.nn.modules.conv.___torch_mangle_383 import Conv2d,from __torch__.yolox.models.tinynas.nn.networks.proxyless_nets.___torch_mangle_228 import MobileInvertedResidualBlock,from __torch__.yolox.models.tinynas.nn.modules.layers import MBInvertedConvLayer,from __torch__.yolox.models.tinynas.nn.modules.layers.___torch_mangle_255 import IdentityLayer,from __torch__.torch.nn.modules.container.___torch_mangle_157 import Sequential,from __torch__.torch.nn.modules.activation.___torch_mangle_111 import ReLU6,from __torch__.torch.nn.modules.container.___torch_mangle_522 import ModuleList,from __torch__.torch.nn.modules.container.___torch_mangle_267 import Sequential,from __torch__.torch.nn.modules.conv.___torch_mangle_470 import Conv2d,from __torch__.yolox.models.network_blocks.___torch_mangle_496 import BaseConv,from __torch__.torch.nn.modules.batchnorm.___torch_mangle_252 import BatchNorm2d,from __torch__.yolox.models.network_blocks.___torch_mangle_400 import Bottleneck,from __torch__.yolox.models.network_blocks.___torch_mangle_430 import DWConv,from __torch__.torch.nn.modules.container.___torch_mangle_22 import Sequential,from __torch__.torch.nn.modules.activation.___torch_mangle_344 import SiLU,from __torch__.yolox.models.network_blocks.___torch_mangle_453 import BaseConv,from __torch__.yolox.models.network_blocks.___torch_mangle_468 import BaseConv,from __torch__.yolox.models.network_blocks.___torch_mangle_279 import BaseConv,from __torch__.torch.nn.modules.batchnorm.___torch_mangle_475 import BatchNorm2d,from __torch__.torch.nn.modules.activation.___torch_mangle_381 import SiLU,from __torch__.torch.nn.modules.loss import L1Loss,from __torch__.torch.nn.modules.batchnorm.___torch_mangle_169 import BatchNorm2d,from __torch__.yolox.models.network_blocks.___torch_mangle_488 import DWConv,from __torch__.torch.nn.modules.activation.___torch_mangle_166 import ReLU6,from __torch__.torch.nn.modules.batchnorm.___torch_mangle_106 import BatchNorm2d,from __torch__.yolox.models.network_blocks.___torch_mangle_349 import BaseConv,from __torch__.yolox.models.network_blocks.___torch_mangle_373 import BaseConv,from __torch__.yolox.models.tinynas.nn.modules.layers.___torch_mangle_75 import MBInvertedConvLayer,from __torch__.torch.nn.modules.container.___torch_mangle_327 import Sequential,from __torch__.torch.nn.modules.container.___torch_mangle_260 import Sequential,from __torch__.torch.nn.modules.conv.___torch_mangle_78 import Conv2d,from __torch__.torch.nn.modules.batchnorm.___torch_mangle_355 import BatchNorm2d,from __torch__.yolox.models.network_blocks.___torch_mangle_538 import BaseConv,from __torch__.torch.nn.modules.conv.___torch_mangle_14 import Conv2d,from __torch__.torch.nn.modules.conv.___torch_mangle_276 import Conv2d,from __torch__.yolox.models.network_blocks.___torch_mangle_345 import BaseConv,from __torch__.torch.nn.modules.conv.___torch_mangle_503 import Conv2d,from __torch__.torch.nn.modules.batchnorm.___torch_mangle_446 import BatchNorm2d,from __torch__.torch.nn.modules.batchnorm.___torch_mangle_138 import BatchNorm2d,from __torch__.torch.nn.modules.batchnorm.___torch_mangle_7 import BatchNorm2d,from __torch__.torch.nn.modules.batchnorm.___torch_mangle_120 import BatchNorm2d,from __torch__.torch.nn.modules.activation.___torch_mangle_311 import SiLU,from __torch__.torch.nn.modules.batchnorm.___torch_mangle_500 import BatchNorm2d,from __torch__.yolox.models.tinynas.nn.networks.proxyless_nets.___torch_mangle_33 import MobileInvertedResidualBlock,from __torch__.torch.nn.modules.batchnorm.___torch_mangle_83 import BatchNorm2d,from __torch__.torch.nn.modules.batchnorm.___torch_mangle_65 import BatchNorm2d,from __torch__.torch.nn.modules.container.___torch_mangle_296 import Sequential,from __torch__.torch.nn.modules.batchnorm.___torch_mangle_110 import BatchNorm2d,from __torch__.torch.nn.modules.conv.___torch_mangle_407 import Conv2d,from __torch__.torch.nn.modules.container.___torch_mangle_129 import Sequential,from __torch__.torch.nn.modules.container.___torch_mangle_421 import Sequential,from __torch__.torch.nn.modules.conv.___torch_mangle_431 import Conv2d,from __torch__.torch.nn.modules.activation.___torch_mangle_323 import SiLU,from __torch__.torch.nn.modules.conv.___torch_mangle_109 import Conv2d,from __torch__.yolox.models.tinynas.nn.modules.layers.___torch_mangle_17 import MBInvertedConvLayer,from __torch__.torch.nn.modules.container.___torch_mangle_195 import Sequential,from __torch__.yolox.models.tinynas.nn.modules.layers.___torch_mangle_158 import MBInvertedConvLayer,from __torch__.torch.nn.modules.conv.___torch_mangle_305 import Conv2d,from __torch__.torch.nn.modules.conv.___torch_mangle_529 import Conv2d,from __torch__.yolox.models.tinynas.nn.modules.layers.___torch_mangle_48 import MBInvertedConvLayer,from __torch__.torch.nn.modules.activation.___torch_mangle_80 import ReLU6,from __torch__.torch.nn.modules.batchnorm.___torch_mangle_413 import BatchNorm2d,from __torch__.torch.nn.modules.activation.___torch_mangle_409 import SiLU,from __torch__.torch.nn.modules.batchnorm.___torch_mangle_273 import BatchNorm2d,from __torch__.torch.nn.modules.conv.___torch_mangle_58 import Conv2d,from __torch__.torch.nn.modules.conv.___torch_mangle_19 import Conv2d,from __torch__.yolox.models.tinynas.nn.modules.layers.___torch_mangle_89 import MBInvertedConvLayer,from __torch__.yolox.models.tinynas.nn.networks.proxyless_nets import MobileInvertedResidualBlock,from __torch__.torch.nn.modules.batchnorm.___torch_mangle_148 import BatchNorm2d,from __torch__.torch.nn.modules.activation.___torch_mangle_352 import SiLU,from __torch__.yolox.models.network_blocks.___torch_mangle_374 import DWConv,from __torch__.torch.nn.modules.conv.___torch_mangle_435 import Conv2d,from __torch__.torch.nn.modules.conv.___torch_mangle_422 import Conv2d,from __torch__.torch.nn.modules.activation.___torch_mangle_43 import ReLU6,from __torch__.torch.nn.modules.activation.___torch_mangle_66 import ReLU6,from __torch__.yolox.models.network_blocks.___torch_mangle_332 import BaseConv,from __torch__.yolox.models.tinynas.nn.networks.proxyless_nets.___torch_mangle_256 import MobileInvertedResidualBlock,from __torch__.yolox.models.tinynas.nn.modules.layers.___torch_mangle_90 import IdentityLayer,from __torch__.torch.nn.modules.conv.___torch_mangle_426 import Conv2d,from __torch__.yolox.models.tinynas.nn.modules.layers.___torch_mangle_172 import IdentityLayer,from __torch__.torch.nn.modules.conv.___torch_mangle_223 import Conv2d,from __torch__.torch.nn.modules.activation.___torch_mangle_482 import SiLU,from __torch__.torch.nn.modules.activation.___torch_mangle_290 import SiLU,from __torch__.yolox.models.network_blocks.___torch_mangle_390 import BaseConv,from __torch__.torch.nn.modules.batchnorm.___torch_mangle_384 import BatchNorm2d,from __torch__.torch.nn.modules.activation.___torch_mangle_274 import SiLU,from __torch__.yolox.models.tinynas.nn.networks.proxyless_nets.___torch_mangle_63 import MobileInvertedResidualBlock,from __torch__.torch.nn.modules.batchnorm.___torch_mangle_427 import BatchNorm2d,from __torch__.torch.nn.modules.container.___torch_mangle_250 import Sequential,from __torch__.torch.nn.modules.batchnorm.___torch_mangle_207 import BatchNorm2d,from __torch__.torch.nn.modules.batchnorm.___torch_mangle_271 import BatchNorm2d,from __torch__.torch.nn.modules.activation.___torch_mangle_360 import SiLU,from __torch__.torch.nn.modules.batchnorm.___torch_mangle_436 import BatchNorm2d,from __torch__.torch.nn.modules.batchnorm.___torch_mangle_442 import BatchNorm2d,from __torch__.torch.nn.modules.batchnorm.___torch_mangle_376 import BatchNorm2d,from __torch__.yolox.models.tinynas.nn.modules.layers.___torch_mangle_185 import MBInvertedConvLayer,from __torch__.torch.nn.modules.batchnorm.___torch_mangle_79 import BatchNorm2d,from __torch__.yolox.models.network_blocks.___torch_mangle_429 import BaseConv,from __torch__.yolox.models.network_blocks.___torch_mangle_363 import Bottleneck,from __torch__.yolox.models.network_blocks.___torch_mangle_477 import BaseConv,from __torch__.yolox.models.tinynas.nn.modules.layers.___torch_mangle_199 import MBInvertedConvLayer,from __torch__.torch.nn.modules.conv.___torch_mangle_174 import Conv2d,from __torch__.torch.nn.modules.conv.___torch_mangle_41 import Conv2d,from __torch__.yolox.models.network_blocks.___torch_mangle_402 import CSPLayer,from __torch__.torch.nn.modules.batchnorm.___torch_mangle_485 import BatchNorm2d,from __torch__.torch.nn.modules.conv.___torch_mangle_64 import Conv2d,from __torch__.torch.nn.modules.container.___torch_mangle_154 import Sequential,from __torch__.torch.nn.modules.conv.___torch_mangle_535 import Conv2d,from __torch__.torch.nn.modules.container.___torch_mangle_5 import Sequential,from __torch__.torch.nn.modules.batchnorm.___torch_mangle_532 import BatchNorm2d,from __torch__.torch.nn.modules.activation.___torch_mangle_94 import ReLU6,from __torch__.torch.nn.modules.batchnorm.___torch_mangle_396 import BatchNorm2d,from __torch__.torch.nn.modules.activation.___torch_mangle_286 import SiLU,from __torch__.torch.nn.modules.batchnorm.___torch_mangle_481 import BatchNorm2d,from __torch__.torch.nn.modules.batchnorm.___torch_mangle_189 import BatchNorm2d,from __torch__.torch.nn.modules.batchnorm.___torch_mangle_224 import BatchNorm2d,from __torch__.torch.nn.modules.activation.___torch_mangle_541 import SiLU,from __torch__.yolox.models.network_blocks.___torch_mangle_304 import BaseConv,from __torch__.yolox.models.network_blocks.___torch_mangle_312 import BaseConv,from __torch__.torch.nn.modules.container.___torch_mangle_198 import Sequential,from __torch__.torch.nn.modules.conv.___torch_mangle_329 import Conv2d,from __torch__.torch.nn.modules.activation.___torch_mangle_107 import ReLU6,from __torch__.torch.nn.modules.conv.___torch_mangle_524 import Conv2d,from __torch__.torch.nn.modules.conv.___torch_mangle_237 import Conv2d,from __torch__.torch.nn.modules.container.___torch_mangle_264 import Sequential,from __torch__.torch.nn.modules.batchnorm.___torch_mangle_347 import BatchNorm2d,from __torch__.yolox.models.network_blocks.___torch_mangle_506 import BaseConv,from __torch__.torch.nn.modules.conv.___torch_mangle_3 import Conv2d,from __torch__.torch.nn.modules.conv.___torch_mangle_342 import Conv2d,from __torch__.torch.nn.modules.conv.___torch_mangle_280 import Conv2d,from __torch__.yolox.models.network_blocks.___torch_mangle_542 import BaseConv,from __torch__.torch.nn.modules.activation.___torch_mangle_235 import ReLU6,from __torch__.torch.nn.modules.conv.___torch_mangle_192 import Conv2d,from __torch__.torch.nn.modules.conv.___torch_mangle_54 import Conv2d,from __torch__.torch.nn.modules.activation.___torch_mangle_472 import SiLU,from __torch__.yolox.models.tinynas.nn.modules.layers.___torch_mangle_144 import MBInvertedConvLayer,from __torch__.torch.nn.modules.conv.___torch_mangle_164 import Conv2d,from __torch__.torch.nn.modules.container.___torch_mangle_170 import Sequential,from __torch__.torch.nn.modules.batchnorm.___torch_mangle_339 import BatchNorm2d,from __torch__.torch.nn.modules.activation.___torch_mangle_249 import ReLU6,from __torch__.torch.nn.modules.activation.___torch_mangle_372 import SiLU,from __torch__.torch.nn.modules.conv.___torch_mangle_133 import Conv2d,from __torch__.yolox.models.tinynas.nn.networks.proxyless_nets.___torch_mangle_201 import MobileInvertedResidualBlock,from __torch__.torch.nn.modules.batchnorm import BatchNorm2d,from __torch__.yolox.models.network_blocks.___torch_mangle_353 import BaseConv,from __torch__.yolox.models.network_blocks import Bottleneck,from __torch__.torch.nn.modules.conv.___torch_mangle_354 import Conv2d,from __torch__.torch.nn.modules.conv.___torch_mangle_508 import Conv2d,from __torch__.torch.nn.modules.activation.___torch_mangle_418 import SiLU,from __torch__.torch.nn.modules.conv.___torch_mangle_528 import Conv2d,from __torch__.torch.nn.modules.batchnorm.___torch_mangle_24 import BatchNorm2d,from __torch__.torch.nn.modules.container.___torch_mangle_126 import Sequential,from __torch__.torch.nn.modules.container.___torch_mangle_498 import Sequential,from __torch__.torch.nn.modules.conv.___torch_mangle_96 import Conv2d,from __torch__.torch.nn.modules.activation.___torch_mangle_180 import ReLU6,from __torch__.yolox.models.network_blocks.___torch_mangle_336 import BaseConv,from __torch__.torch.nn.modules.activation.___torch_mangle_505 import SiLU,from __torch__.torch.nn.modules.activation.___torch_mangle_194 import ReLU6,from __torch__.yolox.models.network_blocks.___torch_mangle_365 import CSPLayer,from __torch__.torch.nn.modules.conv.___torch_mangle_297 import Conv2d,from __torch__.torch.nn.modules.container.___torch_mangle_95 import Sequential,from __torch__.yolox.models.tinynas.nn.modules.layers.___torch_mangle_227 import IdentityLayer,from __torch__.yolox.models.network_blocks.___torch_mangle_295 import BaseConv,from __torch__.yolox.models.tinynas.nn.modules.layers.___torch_mangle_61 import MBInvertedConvLayer,from __torch__.torch.nn.modules.conv.___torch_mangle_257 import Conv2d,from __torch__.torch.nn.modules.conv.___torch_mangle_123 import Conv2d,from __torch__.yolox.models.tinynas.nn.modules.layers.___torch_mangle_254 import MBInvertedConvLayer,from __torch__.torch.nn.modules.conv.___torch_mangle_127 import Conv2d,from __torch__.torch.nn.modules.activation.___torch_mangle_368 import SiLU,from __torch__.torch.nn.modules.activation.___torch_mangle_8 import ReLU6,from __torch__.torch.nn.modules.conv.___torch_mangle_366 import Conv2d,from __torch__.torch.nn.modules.conv.___torch_mangle_147 import Conv2d,from __torch__.torch.nn.modules.conv.___torch_mangle_379 import Conv2d,from __torch__.torch.nn.modules.batchnorm.___torch_mangle_540 import BatchNorm2d,from __torch__.yolox.models.yolox import YOLOX,from __torch__.torch.nn.modules.batchnorm.___torch_mangle_203 import BatchNorm2d,from __torch__.torch.nn.modules.conv.___torch_mangle_202 import Conv2d,from __torch__.torch.nn.modules.batchnorm.___torch_mangle_371 import BatchNorm2d,from __torch__.torch.nn.modules.conv.___torch_mangle_155 import Conv2d,from __torch__.torch.nn.modules.conv.___torch_mangle_119 import Conv2d,from __torch__.torch.nn.modules.activation.___torch_mangle_433 import SiLU,from __torch__.torch.nn.modules.conv.___torch_mangle_461 import Conv2d,from __torch__.yolox.models.network_blocks.___torch_mangle_497 import DWConv,from __torch__.torch.nn.modules.batchnorm.___torch_mangle_289 import BatchNorm2d,from __torch__.torch.nn.modules.activation.___torch_mangle_405 import SiLU,from __torch__.yolox.models.tinynas.nn.networks.proxyless_nets.___torch_mangle_18 import MobileInvertedResidualBlock,from __torch__.torch.nn.modules.activation.___torch_mangle_476 import SiLU,from __torch__.torch.nn.modules.container.___torch_mangle_218 import Sequential,from __torch__.yolox.models.tinynas.nn.networks.proxyless_nets.___torch_mangle_269 import MobileInvertedResidualBlock,from __torch__.yolox.models.network_blocks.___torch_mangle_449 import DWConv,from __torch__.torch.nn.modules.container.___torch_mangle_212 import Sequential,from __torch__.torch.nn.modules.activation.___torch_mangle_153 import ReLU6,from __torch__.torch.nn.modules.activation.___torch_mangle_217 import ReLU6,from __torch__.torch.nn.modules.batchnorm.___torch_mangle_417 import BatchNorm2d,from __torch__.torch.nn.modules.container.___torch_mangle_16 import Sequential,from __torch__.yolox.models.network_blocks.___torch_mangle_300 import BaseConv,from __torch__.torch.nn.modules.container.___torch_mangle_205 import Sequential,from __torch__.torch.nn.modules.container.___torch_mangle_140 import Sequential,from __torch__.torch.nn.modules.batchnorm.___torch_mangle_334 import BatchNorm2d,from __torch__.yolox.models.tinynas.nn.modules.layers.___torch_mangle_226 import MBInvertedConvLayer,from __torch__.yolox.models.tinynas.nn.modules.layers.___torch_mangle_131 import IdentityLayer,from __torch__.torch.nn.modules.batchnorm.___torch_mangle_392 import BatchNorm2d,from __torch__.torch.nn.modules.container.___torch_mangle_184 import Sequential,from __torch__.torch.nn.modules.container.___torch_mangle_143 import Sequential,from __torch__.yolox.models.network_blocks.___torch_mangle_487 import BaseConv,from __torch__.torch.nn.modules.activation.___torch_mangle_204 import ReLU6,from __torch__.torch.nn.modules.container.___torch_mangle_530 import ModuleList,from __torch__.torch.nn.modules.batchnorm.___torch_mangle_318 import BatchNorm2d,from __torch__.torch.nn.modules.batchnorm.___torch_mangle_248 import BatchNorm2d,from __torch__.yolox.models.network_blocks.___torch_mangle_287 import BaseConv,from __torch__.yolox.models.network_blocks.___torch_mangle_434 import BaseConv,from __torch__.torch.nn.modules.activation.___torch_mangle_510 import SiLU,from __torch__.yolox.models.tinynas.nn.modules.layers.___torch_mangle_76 import IdentityLayer,from __torch__.torch.nn.modules.conv.___torch_mangle_261 import Conv2d,from __torch__.yolox.models.tinynas.nn.modules.layers.___torch_mangle_103 import MBInvertedConvLayer,from __torch__.torch.nn.modules.batchnorm.___torch_mangle_46 import BatchNorm2d,from __torch__.yolox.models.losses import IOUloss,from __torch__.yolox.models.tinynas.nn.modules.layers import ConvLayer,from __torch__.yolox.models.network_blocks.___torch_mangle_511 import BaseConv,from __torch__.torch.nn.modules.batchnorm.___torch_mangle_152 import BatchNorm2d,from __torch__.torch.nn.modules.conv.___torch_mangle_265 import Conv2d,from __torch__.torch.nn.modules.batchnorm.___torch_mangle_216 import BatchNorm2d,from __torch__.torch.nn.modules.container.___torch_mangle_163 import Sequential,from __torch__.yolox.models.network_blocks.___torch_mangle_448 import BaseConv,from torch import LongStorage,from __torch__.torch.nn.modules.activation.___torch_mangle_501 import SiLU,from __torch__.yolox.models.tinynas.nn.modules.layers.___torch_mangle_32 import IdentityLayer,from __torch__.yolox.models.network_blocks.___torch_mangle_439 import DWConv,from __torch__.yolox.models.network_blocks.___torch_mangle_362 import DWConv,from __torch__.torch.nn.modules.container.___torch_mangle_40 import Sequential,from __torch__.torch.nn.modules.conv.___torch_mangle_375 import Conv2d,from __torch__.torch.nn.modules.activation import ReLU6,from __torch__.torch.nn.modules.activation.___torch_mangle_348 import SiLU,from __torch__.torch.nn.modules.container.___torch_mangle_57 import Sequential,from __torch__.torch.nn.modules.activation.___torch_mangle_389 import SiLU,from __torch__.torch.nn.modules.batchnorm.___torch_mangle_281 import BatchNorm2d,from __torch__.yolox.models.tinynas.nn.networks.proxyless_nets.___torch_mangle_242 import MobileInvertedResidualBlock,from __torch__.torch.nn.modules.conv.___torch_mangle_151 import Conv2d,from __torch__.torch.nn.modules.conv.___torch_mangle_441 import Conv2d,from __torch__.torch.nn.modules.batchnorm.___torch_mangle_388 import BatchNorm2d,from __torch__.torch.nn.modules.activation.___torch_mangle_125 import ReLU6,from __torch__.torch.nn.modules.activation.___torch_mangle_2 import ReLU6,from __torch__.torch.nn.modules.batchnorm.___torch_mangle_1 import BatchNorm2d,from __torch__.yolox.models.network_blocks.___torch_mangle_515 import BaseConv,from __torch__.yolox.models.network_blocks.___torch_mangle_534 import BaseConv,from __torch__.yolox.models.tinynas.nn.modules.layers import IdentityLayer,from __torch__.torch.nn.modules.conv.___torch_mangle_445 import Conv2d,from __torch__.yolox.models.network_blocks.___torch_mangle_399 import DWConv,from __torch__.yolox.models.tinynas.nn.networks.proxyless_nets.___torch_mangle_214 import MobileInvertedResidualBlock,from __torch__.torch.nn.modules.activation.___torch_mangle_245 import ReLU6,from __torch__.torch.nn.modules.conv.___torch_mangle_82 import Conv2d,from __torch__.yolox.models.tinynas.nn.networks.proxyless_nets.___torch_mangle_132 import MobileInvertedResidualBlock,from __torch__.torch.nn.modules.activation.___torch_mangle_21 import ReLU6,from __torch__.torch.nn.modules.batchnorm.___torch_mangle_310 import BatchNorm2d,from __torch__.torch.nn.modules.conv.___torch_mangle_141 import Conv2d,from __torch__.yolox.models.tinynas.nn.networks.proxyless_nets.___torch_mangle_159 import MobileInvertedResidualBlock,from __torch__.torch.nn.modules.batchnorm.___torch_mangle_490 import BatchNorm2d,from __torch__.torch.nn.modules.conv.___torch_mangle_512 import Conv2d,from __torch__.torch.nn.modules.activation.___torch_mangle_12 import ReLU6,from torch._utils import _rebuild_tensor_v2,from __torch__.torch.nn.modules.conv.___torch_mangle_403 import Conv2d,from __torch__.yolox.models.network_blocks.___torch_mangle_458 import DWConv,from __torch__.torch.nn.modules.container.___torch_mangle_102 import Sequential,from __torch__.torch.nn.modules.batchnorm.___torch_mangle_161 import BatchNorm2d,from __torch__.yolox.models.tinynas.nn.modules.layers.___torch_mangle_186 import IdentityLayer,from __torch__.torch.nn.modules.conv.___torch_mangle_229 import Conv2d,from __torch__.yolox.models.network_blocks.___torch_mangle_275 import BaseConv,from __torch__.yolox.models.yolo_head import YOLOXHead,from __torch__.torch.nn.modules.activation.___torch_mangle_149 import ReLU6,from __torch__.torch.nn.modules.container.___torch_mangle_191 import Sequential,from __torch__.torch.nn.modules.batchnorm.___torch_mangle_38 import BatchNorm2d,from __torch__.yolox.models.tinynas.nn.modules.layers.___torch_mangle_268 import MBInvertedConvLayer,from __torch__.torch.nn.modules.batchnorm.___torch_mangle_220 import BatchNorm2d,from __torch__.yolox.models.darknet import MyBackbone,from __torch__.torch.nn.modules.container.___torch_mangle_115 import Sequential,from __torch__.torch.nn.modules.activation.___torch_mangle_231 import ReLU6,from __torch__.yolox.models.tinynas.nn.modules.layers.___torch_mangle_200 import IdentityLayer,from __torch__.torch.nn.modules.conv.___torch_mangle_395 import Conv2d,from __torch__.torch.nn.modules.batchnorm.___torch_mangle_234 import BatchNorm2d,from __torch__.yolox.models.network_blocks.___torch_mangle_507 import DWConv,from __torch__.torch.nn.modules.batchnorm.___torch_mangle_509 import BatchNorm2d,from __torch__.torch.nn.modules.conv.___torch_mangle_465 import Conv2d,from __torch__.torch.nn.modules.batchnorm.___torch_mangle_408 import BatchNorm2d,from __torch__.yolox.models.tinynas.nn.modules.layers.___torch_mangle_30 import MBInvertedConvLayer,from __torch__.torch.nn.modules.activation.___torch_mangle_456 import SiLU,from __torch__.torch.nn.modules.batchnorm.___torch_mangle_211 import BatchNorm2d,from __torch__.yolox.models.network_blocks.___torch_mangle_411 import DWConv,from __torch__.torch.nn.modules.batchnorm.___torch_mangle_15 import BatchNorm2d,from __torch__.torch.nn.modules.batchnorm.___torch_mangle_175 import BatchNorm2d,from __torch__.torch.nn.modules.batchnorm.___torch_mangle_11 import BatchNorm2d,from __torch__.torch.nn.modules.activation.___torch_mangle_278 import SiLU,from __torch__.yolox.models.network_blocks.___torch_mangle_464 import BaseConv,from __torch__.torch.nn.modules.conv.___torch_mangle_519 import Conv2d,from __torch__.torch.nn.modules.container.___torch_mangle_543 import ModuleList,from __torch__.torch.nn.modules.conv.___torch_mangle_168 import Conv2d,from __torch__.torch.nn.modules.conv.___torch_mangle_454 import Conv2d,from __torch__.torch.nn.modules.batchnorm.___torch_mangle_359 import BatchNorm2d,from __torch__.yolox.models.network_blocks.___torch_mangle_415 import BaseConv,from __torch__.torch.nn.modules.activation.___torch_mangle_393 import SiLU,from __torch__.torch.nn.modules.container.___torch_mangle_401 import Sequential,from __torch__.yolox.models.network_blocks.___torch_mangle_410 import BaseConv,from __torch__.torch.nn.modules.activation.___torch_mangle_385 import SiLU,from __torch__.torch.nn.modules.container.___torch_mangle_88 import Sequential,from __torch__.yolox.models.network_blocks.___torch_mangle_438 import BaseConv,from __torch__.torch.nn.modules.batchnorm.___torch_mangle_165 import BatchNorm2d,from __torch__.torch.nn.modules.batchnorm.___torch_mangle_124 import BatchNorm2d,from __torch__.torch.nn.modules.batchnorm.___torch_mangle_42 import BatchNorm2d,from __torch__.torch.nn.modules.conv.___torch_mangle_272 import Conv2d,from __torch__.yolox.models.network_blocks.___torch_mangle_361 import BaseConv,from __torch__.torch.nn.modules.container import Sequential,from __torch__.torch.nn.modules.container.___torch_mangle_85 import Sequential,from __torch__.torch.nn.modules.conv.___torch_mangle_317 import Conv2d,from __torch__.torch.nn.modules.container.___torch_mangle_81 import Sequential,from __torch__.torch.nn.modules.batchnorm.___torch_mangle_451 import BatchNorm2d,from __torch__.torch.nn.modules.conv.___torch_mangle_188 import Conv2d,from __torch__.torch.nn.modules.container.___torch_mangle_222 import Sequential,from __torch__.yolox.models.network_blocks.___torch_mangle_320 import BaseConv,from __torch__.torch.nn.modules.container.___torch_mangle_60 import Sequential,from __torch__.torch.nn.modules.batchnorm.___torch_mangle_298 import BatchNorm2d,from __torch__.torch.nn.modules.container.___torch_mangle_112 import Sequential,from __torch__.yolox.models.tinynas.nn.networks.proxyless_nets.___torch_mangle_49 import MobileInvertedResidualBlock,from __torch__.yolox.models.network_blocks.___torch_mangle_341 import BaseConv,from __torch__.torch.nn.modules.conv.___torch_mangle_182 import Conv2d,from __torch__.torch.nn.modules.activation.___torch_mangle_397 import SiLU,from __torch__.yolox.models.network_blocks.___torch_mangle_420 import DWConv,from __torch__.torch.nn.modules.batchnorm.___torch_mangle_423 import BatchNorm2d,from __torch__.torch.nn.modules.conv.___torch_mangle_92 import Conv2d,from __torch__.torch.nn.modules.batchnorm.___torch_mangle_73 import BatchNorm2d,from __torch__.torch.nn.modules.batchnorm.___torch_mangle_367 import BatchNorm2d,from __torch__.torch.nn.modules.conv.___torch_mangle_358 import Conv2d,from __torch__.yolox.models.network_blocks.___torch_mangle_283 import BaseConv,from __torch__.torch.nn.modules.conv.___torch_mangle_215 import Conv2d,from __torch__.torch.nn.modules.container.___torch_mangle_518 import ModuleList,from __torch__.yolox.models.network_blocks.___torch_mangle_328 import CSPLayer,from __torch__.torch.nn.modules.container.___torch_mangle_29 import Sequential,from __torch__.torch.nn.modules.conv.___torch_mangle_10 import Conv2d,from __torch__.yolox.models.tinynas.nn.networks.proxyless_nets.___torch_mangle_187 import MobileInvertedResidualBlock,from __torch__.torch.nn.modules.conv.___torch_mangle_247 import Conv2d,from __torch__.torch.nn.modules.conv.___torch_mangle_523 import Conv2d,from __torch__.torch.nn.modules.conv.___torch_mangle_387 import Conv2d,from __torch__.yolox.models.tinynas.nn.modules.layers.___torch_mangle_34 import ZeroLayer,from __torch__.torch.nn.modules.conv.___torch_mangle_206 import Conv2d,from __torch__.torch.nn.modules.activation.___torch_mangle_340 import SiLU,from __torch__.yolox.models.tinynas.nn.networks.proxyless_nets.___torch_mangle_77 import MobileInvertedResidualBlock,from __torch__.yolox.models.network_blocks.___torch_mangle_394 import BaseConv,from __torch__.torch.nn.modules.conv.___torch_mangle_521 import Conv2d,from __torch__.yolox.models.tinynas.nn.modules.layers import ZeroLayer,from __torch__.torch.nn.modules.activation.___torch_mangle_514 import SiLU,from __torch__.torch.nn.modules.batchnorm.___torch_mangle_134 import BatchNorm2d,from __torch__.yolox.models.network_blocks.___torch_mangle_502 import BaseConv,from __torch__.torch.nn.modules.container.___torch_mangle_136 import Sequential,from __torch__.torch.nn.modules.activation.___torch_mangle_162 import ReLU6,from __torch__.torch.nn.modules.activation.___torch_mangle_299 import SiLU,from __torch__.torch.nn.modules.conv.___torch_mangle_288 import Conv2d,from __torch__.torch.nn.modules.conv.___torch_mangle_72 import Conv2d,from __torch__.torch.nn.modules.activation.___torch_mangle_84 import ReLU6,from __torch__.torch.nn.modules.batchnorm.___torch_mangle_455 import BatchNorm2d,from __torch__.torch.nn.modules.conv.___torch_mangle_539 import Conv2d,from __torch__.torch.nn.modules.activation.___torch_mangle_263 import ReLU6,from __torch__.yolox.models.network_blocks.___torch_mangle_478 import DWConv,from __torch__.torch.nn.modules.batchnorm.___torch_mangle_128 import BatchNorm2d,from __torch__.yolox.models.tinynas.nn.networks.proxyless_nets.___torch_mangle_31 import MobileInvertedResidualBlock,from __torch__.torch.nn.modules.batchnorm.___torch_mangle_285 import BatchNorm2d,from __torch__.yolox.models.network_blocks.___torch_mangle_382 import BaseConv,from __torch__.yolox.models.tinynas.nn.modules.layers.___torch_mangle_171 import MBInvertedConvLayer,from __torch__.torch.nn.modules.batchnorm.___torch_mangle_69 import BatchNorm2d,from __torch__.torch.nn.modules.activation.___torch_mangle_282 import SiLU,from __torch__.torch.nn.modules.batchnorm.___torch_mangle_238 import BatchNorm2d,from __torch__.torch.nn.modules.conv.___torch_mangle_338 import Conv2d,from __torch__.torch.nn.modules.batchnorm.___torch_mangle_51 import BatchNorm2d,from __torch__.torch.nn.modules.activation import SiLU,from __torch__.yolox.models.tinynas.nn.modules.layers.___torch_mangle_117 import IdentityLayer,from __torch__.yolox.models.network_blocks.___torch_mangle_324 import BaseConv,from __torch__.torch.nn.modules.container.___torch_mangle_479 import Sequential,from __torch__.yolox.models.tinynas.nn.modules.layers.___torch_mangle_116 import MBInvertedConvLayer,from __torch__.torch.nn.modules.conv.___torch_mangle_160 import Conv2d,from __torch__.torch.nn.modules.activation.___torch_mangle_135 import ReLU6,from __torch__.torch.nn.modules.batchnorm.___torch_mangle_197 import BatchNorm2d,from __torch__.torch.nn.modules.activation.___torch_mangle_335 import SiLU,from __torch__.torch.nn.modules.container.___torch_mangle_460 import ModuleList,from __torch__.torch.nn.modules.batchnorm.___torch_mangle_244 import BatchNorm2d,from __torch__.torch.nn.modules.batchnorm.___torch_mangle_306 import BatchNorm2d,from __torch__.torch.nn.modules.container.___torch_mangle_526 import ModuleList,from __torch__.torch.nn.modules.container.___torch_mangle_459 import Sequential,from __torch__.torch.nn.modules.activation.___torch_mangle_221 import ReLU6,from __torch__.torch.nn.modules.batchnorm.___torch_mangle_183 import BatchNorm2d,from __torch__.torch.nn.modules.batchnorm.___torch_mangle_351 import BatchNorm2d,from __torch__.torch.nn.modules.conv.___torch_mangle_333 import Conv2d,from __torch__.torch.nn.modules.conv.___torch_mangle_6 import Conv2d,from __torch__.torch.nn.modules.container import ModuleList,from __torch__.torch.nn.modules.conv import Conv2d,from __torch__.torch.nn.modules.activation.___torch_mangle_56 import ReLU6,from __torch__.torch.nn.modules.activation.___torch_mangle_294 import SiLU,from __torch__.torch.nn.modules.activation.___torch_mangle_39 import ReLU6,from __torch__.torch.nn.modules.batchnorm.___torch_mangle_330 import BatchNorm2d,from __torch__.torch.nn.modules.batchnorm.___torch_mangle_471 import BatchNorm2d,from __torch__.torch.nn.modules.batchnorm.___torch_mangle_59 import BatchNorm2d,from __torch__.torch.nn.modules.container.___torch_mangle_47 import Sequential,from __torch__.torch.nn.modules.activation.___torch_mangle_98 import ReLU6,from __torch__.torch.nn.modules.conv.___torch_mangle_233 import Conv2d,from __torch__.yolox.models.tinynas.nn.modules.layers.___torch_mangle_130 import MBInvertedConvLayer,from __torch__.torch.nn.modules.activation.___torch_mangle_303 import SiLU,from __torch__.yolox.models.tinynas.nn.modules.layers.___torch_mangle_213 import MBInvertedConvLayer,from __torch__.torch.nn.modules.batchnorm.___torch_mangle_314 import BatchNorm2d,from __torch__.torch.nn.modules.activation.___torch_mangle_52 import ReLU6,from __torch__.yolox.models.tinynas.nn.networks.proxyless_nets.___torch_mangle_91 import MobileInvertedResidualBlock,from __torch__.yolox.models.tinynas.nn.networks.proxyless_nets.___torch_mangle_36 import MobileInvertedResidualBlock,from __torch__.torch.nn.modules.container.___torch_mangle_9 import Sequential,from __torch__.torch.nn.modules.container.___torch_mangle_246 import Sequential,from __torch__.torch.nn.modules.activation.___torch_mangle_463 import SiLU,from __torch__.torch.nn.modules.conv.___torch_mangle_270 import Conv2d,from __torch__.yolox.models.tinynas.nn.networks.proxyless_nets.___torch_mangle_146 import MobileInvertedResidualBlock,from __torch__.yolox.models.network_blocks.___torch_mangle_419 import BaseConv,from __torch__.torch.nn.modules.conv.___torch_mangle_489 import Conv2d,from __torch__.torch.nn.modules.conv.___torch_mangle_350 import Conv2d,from __torch__.torch.nn.modules.batchnorm.___torch_mangle_293 import BatchNorm2d,from __torch__.yolox.models.network_blocks.___torch_mangle_473 import BaseConv,from __torch__.yolox.models.network_blocks.___torch_mangle_386 import BaseConv,from __torch__.torch.nn.modules.batchnorm.___torch_mangle_322 import BatchNorm2d,from __torch__.torch.nn.modules.container.___torch_mangle_167 import Sequential,from __torch__.torch.nn.modules.batchnorm.___torch_mangle_262 import BatchNorm2d,from __torch__.torch.nn.modules.batchnorm.___torch_mangle_156 import BatchNorm2d|UNPICKLER.persistent_load|proxyless-w0.25-r112_imagenet.pth|from collections import OrderedDict,from torch import LongStorage,from torch import FloatStorage,from torch._utils import _rebuild_tensor_v2|UNPICKLER.persistent_load|
